{"cameraMode":{"drawMode":2,"name":"Shaded Wireframe","section":"Shading Mode"},"sceneLighting":true,"audioPlay":false,"sceneViewState":{"m_AlwaysRefresh":false,"showFog":true,"showSkybox":true,"showFlares":true,"showImageEffects":true,"showParticleSystems":true,"showVisualEffectGraphs":true,"m_FxEnabled":true},"in2DMode":false,"pivot":{"x":-1.5692356824874879,"y":0.9708511233329773,"z":0.024342544376850129},"rotation":{"x":0.08254558593034744,"y":0.3208029270172119,"z":-0.028113950043916704,"w":0.9431559443473816},"size":1.5167890787124634,"orthographic":false}